{
  "available_floor_mib": 30000.0,
  "command": [
    "timeout",
    "60s",
    "python3",
    "scripts/run_source_index_state_classifier_census.py",
    "--phase",
    "6Z.6K.8AP.16DU.9EF",
    "--ranges",
    "25000:30000,50000:55000,250000:255000,500000:505000,2000000:2005000,5000000:5005000,15000000:15005000,20000000:20005000,40000000:40005000,80000000:80005000",
    "--workers",
    "4",
    "--checkpoint-dir",
    "/tmp/cuboctahedron_source_index_state_classifier_census_9ef",
    "--aggregate-only",
    "--json",
    "scripts/generated/phase6z6k8ap16du9ef_classifier_census_density_aggregate.json",
    "--md",
    "scripts/generated/phase6z6k8ap16du9ef_classifier_census_density_aggregate.md",
    "--family-gate",
    "1000",
    "--top-limit",
    "20"
  ],
  "elapsed_seconds": 0.5039100970025174,
  "exit_code": 0,
  "killed_reason": null,
  "max_tree_rss_kib": 576,
  "max_tree_rss_mib": 0.5625,
  "min_available_seen_kib": 47758396,
  "min_available_seen_mib": 46639.05859375,
  "rss_cap_mib": 1024.0
}
